Categoria,Nombre del Producto,Precio,Stock
Paletas de agua,Limon,35,30
Paletas de agua,Grosella,35,30
Paletas de agua,Tamarindo,35,30
Paletas de agua,Coca,35,30
Paletas de agua,Uva,35,30
Paletas de agua con Splenda,Limon,40,30
Paletas de agua con Splenda,Grosella,40,30
Paletas de agua con Splenda,Tamarindo,40,30
Paletas de agua con Splenda,Coca,40,30
Paletas de agua con Splenda,Uva,40,30
Paletas de fruta,Maracuya,40,0
Paletas de fruta,Fresa,40,0
Paletas de fruta,Mango,40,0
Paletas de fruta,Guanabana,40,0
Paletas de fruta,Zapote,40,0
Paletas de fruta,Guayaba,40,0
Paletas de fruta,Zarzamora,40,0
Paletas de fruta,Chamoy,40,0
Paletas de fruta,Mango con Chamoy,40,0
Paletas de fruta,Mango con Chile,40,0
Paletas de fruta,Piña con chile,40,0
Paletas de fruta,Nanche,40,0
Paletas de fruta,Melon,40,0
Paletas de fruta,Sandia,40,0
Paletas de fruta,Limon con Chamoy,40,0
Paletas de fruta,Piña,40,0
Paletas de fruta,Coco,40,0
Paletas de fruta,Tuna,40,0
Paletas de fruta,Kiwi,40,0
Paletas de fruta con Splenda,Maracuya,45,0
Paletas de fruta con Splenda,Fresa,45,0
Paletas de fruta con Splenda,Mango,45,0
Paletas de fruta con Splenda,Guanabana,45,0
Paletas de fruta con Splenda,Zapote,45,0
Paletas de fruta con Splenda,Guayaba,45,0
Paletas de fruta con Splenda,Zarzamora,45,0
Paletas de fruta con Splenda,Chamoy,45,0
Paletas de fruta con Splenda,Mango con Chamoy,45,0
Paletas de fruta con Splenda,Mango con Chile,45,0
Paletas de fruta con Splenda,Piña con chile,45,0
Paletas de fruta con Splenda,Nanche,45,0
Paletas de fruta con Splenda,Melon,45,0
Paletas de fruta con Splenda,Sandia,45,0
Paletas de fruta con Splenda,Limon con Chamoy,45,0
Paletas de fruta con Splenda,Piña,45,0
Paletas de fruta con Splenda,Coco,45,0
Paletas de fruta con Splenda,Tuna,45,0
Paletas de fruta con Splenda,Kiwi,45,0
Paletas de crema,Fresa,45,0
Paletas de crema,Vainilla,45,0
Paletas de crema,Chocolate,45,0
Paletas de crema,Coco,45,0
Paletas de crema,Arroz con Leche,45,0
Paletas de crema,Zarzamora,45,0
Paletas de crema,Pay de Limon,45,0
Paletas de crema,Chocochips,45,0
Paletas de crema,Galleta Oreo,45,0
Paletas de crema,Queso,45,0
Paletas de crema,Cafe,45,0
Paletas de crema,Cajeta,45,0
Paletas de crema,Mamey,45,0
Paletas de crema,Chocomenta,45,0
Paletas de crema,Yogurt con Fresa,45,0
Paletas de crema,Vainilla con Fresa,45,0
Paletas de crema,Pistache,45,0
Paletas de crema,Ron con pasas,45,0
Paletas de crema con splenda,Fresa,50,0
Paletas de crema con splenda,Vainilla,50,0
Paletas de crema con splenda,Chocolate,50,0
Paletas de crema con splenda,Coco,50,0
Paletas de crema con splenda,Arroz con Leche,50,0
Paletas de crema con splenda,Zarzamora,50,0
Paletas de crema con splenda,Pay de Limon,50,0
Paletas de crema con splenda,Chocochips,50,0
Paletas de crema con splenda,Galleta Oreo,50,0
Paletas de crema con splenda,Queso,50,0
Paletas de crema con splenda,Cafe,50,0
Paletas de crema con splenda,Cajeta,50,0
Paletas de crema con splenda,Mamey,50,0
Paletas de crema con splenda,Chocomenta,50,0
Paletas de crema con splenda,Yogurt con Fresa,50,0
Paletas de crema con splenda,Vainilla con Fresa,50,0
Paletas de crema con splenda,Pistache,50,0
Paletas de crema con splenda,Ron con pasas,50,0
Paletas premium,Nuez,55,0
Paletas premium,Napolitano,55,0
Paletas premium,Zarzamora con queso,55,0
Paletas premium,Piñon,55,0
Paletas premium,Especial,55,0
Paletas premium,Piña con coco,55,0
Paletas premium,Pistache especial,55,0
Paletas premium,Chongos,55,0
Paletas premium,Fresas con queso,55,0
Paletas premium,Fresa con crema,55,0
Paletas premium,Cereza,55,0
Paletas premium con splenda,Nuez,55,0
Paletas premium con splenda,Napolitano,55,0
Paletas premium con splenda,Zarzamora con queso,55,0
Paletas premium con splenda,Piñon,55,0
Paletas premium con splenda,Especial,55,0
Paletas premium con splenda,Piña con coco,55,0
Paletas premium con splenda,Pistache especial,55,0
Paletas premium con splenda,Chongos,55,0
Paletas premium con splenda,Fresas con queso,55,0
Paletas premium con splenda,Fresa con crema,55,0
Paletas premium con splenda,Cereza,55,0
Cobertura,Chocolate,10,0
Cobertura,Chocolate con cereal,15,0
Cobertura,Chocolate con Nuez,20,0
Nieve/Helado sencillo,Tradicional,50,0
Nieve/Helado doble,Tradicional,80,0
Nieve/Helado triple,Tradicional,110,0
Nieve/Helado medio litro,Tradicional,150,0
Nieve/Helado litro,Tradicional,260,0
Nieve/Helado sencillo,Premium,60,0
Nieve/Helado doble,Premium,100,0
Nieve/Helado triple,Premium,140,0
Nieve/Helado medio litro,Premium,200,0
Nieve/Helado litro,Premium,300,0
Troles,Trol,50,0
Extra chamoy,Chamoy,5,0
Aguas,Chica,40,0
Aguas,Grande,70,0
Palomas,Chicas,40,0
Palomas,Grandes,70,0
